RijschoolNaam, Telefoonnummer, Email, Website
"A. Othman, t.h.o.d.n. Auto- en motorrijschool Quality,0722 340 100,None,https://www.cbr.nl/rijbewijstips",,,
"A.A.T. Rijschool Magielse,ferry0653412544,ferry@ferraririjden.nl,https://www.cbr.nl/rijbewijstips",,,
"A.W.M. Genefaas,06 53 27 75 33,None,https://www.cbr.nl/rijbewijstips",,,
"A9 Autorijschool,(072) 562 33 24,furat99@live.nl,https://www.cbr.nl/rijbewijstips",,,
"AAC Rijsnel,06 46 11 23 61,None,https://www.cbr.nl/rijbewijstips",,,
"Abbas & Pronk Rijopleidingen,06 40 96 40 77,None,https://www.cbr.nl/rijbewijstips",,,
"Aero Star,(0251) 65 22 44,None,https://www.cbr.nl/rijbewijstips",,,
"Alblas Verkeersschool,None,info@alblas.net,https://www.cbr.nl/rijbewijstips",,,
"Amsterdam Evergo,0648538893,None,https://www.cbr.nl/rijbewijstips",,,
"Andre's Rijschool t.h.o.n. NXXT,0621614324,None,https://www.cbr.nl/rijbewijstips",,,
"Arsam rijschool,0614628384,None,https://www.cbr.nl/rijbewijstips",,,
"Autorijschool Aktief,(072) 515 57 27,None,https://www.cbr.nl/rijbewijstips",,,
"Autorijschool Anatolia,06 52 60 75 00,None,https://www.cbr.nl/rijbewijstips",,,
"Autorijschool Annelies,06 12 85 74 37,None,https://www.cbr.nl/rijbewijstips",,,
"Autorijschool Bergfeld,06 21 67 00 03,None,https://www.cbr.nl/rijbewijstips",,,
"Autorijschool Butterhuizen B.V.,06 10780562,None,https://www.cbr.nl/rijbewijstips",,,
"Autorijschool De Zon,(030) 223 94 44,None,https://www.cbr.nl/rijbewijstips",,,
"Autorijschool Dijkman VOF,None,None,https://www.cbr.nl/rijbewijstips",,,
"Autorijschool Drive 2 Succes,06 42 56 96 12,None,https://www.cbr.nl/rijbewijstips",,,
"Autorijschool Faber,06 48 14 17 95,None,https://www.cbr.nl/rijbewijstips",,,
"Autorijschool Gert van der Heiden t.h.o.d.n. Lesgo,06 15 31 77 73,None,https://www.cbr.nl/rijbewijstips",,,
"Autorijschool Helling,(0251) 22 06 08,None,https://www.cbr.nl/rijbewijstips",,,
"Autorijschool Jansen,(0251) 22 06 08,None,https://www.cbr.nl/rijbewijstips",,,
"Autorijschool Joost Huijgens,(0251) 22 06 08,None,https://www.cbr.nl/rijbewijstips",,,
"Autorijschool kooimeer,(0251) 22 06 08,None,https://www.cbr.nl/rijbewijstips",,,
"Autorijschool L B.V.,(0251) 22 06 08,None,https://www.cbr.nl/rijbewijstips",,,
"Autorijschool Langedijk,(0251) 22 06 08,None,https://www.cbr.nl/rijbewijstips",,,
"Autorijschool Martin Post,(0251) 22 06 08,None,https://www.cbr.nl/rijbewijstips",,,
"Autorijschool MEHDIYI,(0251) 22 06 08,None,https://www.cbr.nl/rijbewijstips",,,
"Autorijschool Melissa 013,(0251) 22 06 08,None,https://www.cbr.nl/rijbewijstips",,,
"Autorijschool NEDA,(0251) 22 06 08,None,https://www.cbr.nl/rijbewijstips",,,
"Autorijschool Raisa,(0251) 22 06 08,None,https://www.cbr.nl/rijbewijstips",,,
"Autorijschool Ramon van Voorst t.h.o.d.n. Rijles Zonder Stress,(0251) 22 06 08,None,https://www.cbr.nl/rijbewijstips",,,
"Autorijschool Raymond,(0251) 22 06 08,None,https://www.cbr.nl/rijbewijstips",,,
"Autorijschool Relax,(0251) 22 06 08,None,https://www.cbr.nl/rijbewijstips",,,
"Autorijschool Rohling,(0251) 22 06 08,None,https://www.cbr.nl/rijbewijstips",,,
"Autorijschool Sen,(0251) 22 06 08,None,https://www.cbr.nl/rijbewijstips",,,
"Autorijschool Sprangers,(0251) 22 06 08,None,https://www.cbr.nl/rijbewijstips",,,
"Autorijschool Vanelli,(0251) 22 06 08,None,https://www.cbr.nl/rijbewijstips",,,
"Autorijschool Westerhof,(0251) 22 06 08,None,https://www.cbr.nl/rijbewijstips",,,
"Autorijschool X-vier,(0251) 22 06 08,None,https://www.cbr.nl/rijbewijstips",,,
"Avatar Rijschool,(0251) 22 06 08,None,https://www.cbr.nl/rijbewijstips",,,
"Barry Sweep,(0251) 22 06 08,None,https://www.cbr.nl/rijbewijstips",,,
"BMM Rijschool,(0251) 22 06 08,None,https://www.cbr.nl/rijbewijstips",,,
"Chill See,(0251) 22 06 08,None,https://www.cbr.nl/rijbewijstips",,,
"Cobi Rijschool,(0251) 22 06 08,None,https://www.cbr.nl/rijbewijstips",,,
"De Regionale Rijschool,(0251) 22 06 08,None,https://www.cbr.nl/rijbewijstips",,,
"Drive your way,(0251) 22 06 08,None,https://www.cbr.nl/rijbewijstips",,,
"FranX verkeersschool,(0251) 22 06 08,None,https://www.cbr.nl/rijbewijstips",,,
"Generaal rij-onderwijs,(0251) 22 06 08,None,https://www.cbr.nl/rijbewijstips",,,
"Gun Rijschool,(0251) 22 06 08,None,https://www.cbr.nl/rijbewijstips",,,
"Holy Rijschool,(0251) 22 06 08,None,https://www.cbr.nl/rijbewijstips",,,
"HRC Rijbewijs,(0251) 22 06 08,None,https://www.cbr.nl/rijbewijstips",,,
"Jani rijschool,(0251) 22 06 08,None,https://www.cbr.nl/rijbewijstips",,,
"JM Autorijschool,(0251) 22 06 08,None,https://www.cbr.nl/rijbewijstips",,,
"Jord Rijopleidingen,(0251) 22 06 08,None,https://www.cbr.nl/rijbewijstips",,,
"JP-rijopleidingen,(0251) 22 06 08,None,https://www.cbr.nl/rijbewijstips",,,
"Lady's First,(0251) 22 06 08,None,https://www.cbr.nl/rijbewijstips",,,
"Les all in,(0251) 22 06 08,None,https://www.cbr.nl/rijbewijstips",,,
"Les je vrij,(0251) 22 06 08,None,https://www.cbr.nl/rijbewijstips",,,
"Licentiam,(0251) 22 06 08,None,https://www.cbr.nl/rijbewijstips",,,
"May-Car Rijschool,(0251) 22 06 08,None,https://www.cbr.nl/rijbewijstips",,,
"Mekstief Verkeersschool t.h.o.d.n. Quick Pro,(0251) 22 06 08,None,https://www.cbr.nl/rijbewijstips",,,
"mijnrijlespakket.nl,(0251) 22 06 08,None,https://www.cbr.nl/rijbewijstips",,,
"Mister Drive,(0251) 22 06 08,None,https://www.cbr.nl/rijbewijstips",,,
"Nationale Rijschool B.V.,(0251) 22 06 08,None,https://www.cbr.nl/rijbewijstips",,,
"Opleidingscentrum Toet B.V.,(0251) 22 06 08,None,https://www.cbr.nl/rijbewijstips",,,
"pebe drive,(0251) 22 06 08,None,https://www.cbr.nl/rijbewijstips",,,
"R. Fox t.h.o.d.n. NXXT,(0251) 22 06 08,None,https://www.cbr.nl/rijbewijstips",,,
"Riders Lifestyle B.V.,(0251) 22 06 08,None,https://www.cbr.nl/rijbewijstips",,,
"Rij Platform,(0251) 22 06 08,None,https://www.cbr.nl/rijbewijstips",,,
"Rijcoach.com,(0251) 22 06 08,None,https://www.cbr.nl/rijbewijstips",,,
"rijden.nu,(0251) 22 06 08,None,https://www.cbr.nl/rijbewijstips",,,
"Rijparadijs,(0251) 22 06 08,None,https://www.cbr.nl/rijbewijstips",,,
"Rijschool 365,(0251) 22 06 08,None,https://www.cbr.nl/rijbewijstips",,,
"Rijschool Aardema B.V.,(0251) 22 06 08,None,https://www.cbr.nl/rijbewijstips",,,
"Rijschool ALFABET,(0251) 22 06 08,None,https://www.cbr.nl/rijbewijstips",,,
"Rijschool Amalia,(0251) 22 06 08,None,https://www.cbr.nl/rijbewijstips",,,
"Rijschool Ayaz,(0251) 22 06 08,None,https://www.cbr.nl/rijbewijstips",,,
"Rijschool Bergen,(0251) 22 06 08,None,https://www.cbr.nl/rijbewijstips",,,
"Rijschool Boemerang,(0251) 22 06 08,None,https://www.cbr.nl/rijbewijstips",,,
"Rijschool BOUL,(0251) 22 06 08,None,https://www.cbr.nl/rijbewijstips",,,
"Rijschool Broekpolder,(0251) 22 06 08,None,https://www.cbr.nl/rijbewijstips",,,
"Rijschool By Lies,(0251) 22 06 08,None,https://www.cbr.nl/rijbewijstips",,,
"rijschool castricum,(0251) 22 06 08,None,https://www.cbr.nl/rijbewijstips",,,
"Rijschool Daalmeer,(0251) 22 06 08,None,https://www.cbr.nl/rijbewijstips",,,
"Rijschool Damsko,(0251) 22 06 08,None,https://www.cbr.nl/rijbewijstips",,,
"Rijschool de Bruijn,(0251) 22 06 08,None,https://www.cbr.nl/rijbewijstips",,,
"RIJSCHOOL DE DRAAI,(0251) 22 06 08,None,https://www.cbr.nl/rijbewijstips",,,
"Rijschool De Leijen,(0251) 22 06 08,None,https://www.cbr.nl/rijbewijstips",,,
"Rijschool De Mike Drive,(0251) 22 06 08,None,https://www.cbr.nl/rijbewijstips",,,
"Rijschool De Overbuurman,(0251) 22 06 08,None,https://www.cbr.nl/rijbewijstips",,,
"Rijschool de Winter,(0251) 22 06 08,None,https://www.cbr.nl/rijbewijstips",,,
"Rijschool Dirkje Bons t.h.o.d.n. LesGo,(0251) 22 06 08,None,https://www.cbr.nl/rijbewijstips",,,
"Rijschool Driva,(0251) 22 06 08,None,https://www.cbr.nl/rijbewijstips",,,
"Rijschool Easy Start,(0251) 22 06 08,None,https://www.cbr.nl/rijbewijstips",,,
"Rijschool ebb,(0251) 22 06 08,None,https://www.cbr.nl/rijbewijstips",,,
"Rijschool Emre,(0251) 22 06 08,None,https://www.cbr.nl/rijbewijstips",,,
"Rijschool Enroute,(0251) 22 06 08,None,https://www.cbr.nl/rijbewijstips",,,
"Rijschool Erwin de Wit,(0251) 22 06 08,None,https://www.cbr.nl/rijbewijstips",,,
"Rijschool First Gear,(0251) 22 06 08,None,https://www.cbr.nl/rijbewijstips",,,
"Rijschool Gears,(0251) 22 06 08,None,https://www.cbr.nl/rijbewijstips",,,
"Rijschool Grootfaam,(0251) 22 06 08,None,https://www.cbr.nl/rijbewijstips",,,
"Rijschool Harma,(0251) 22 06 08,None,https://www.cbr.nl/rijbewijstips",,,
"Vergelijk rijscholen met de CBR Rijschoolzoeker,06 19 53 89 66,None,https://www.cbr.nl/rijbewijstips",,,
"AGJ Nijland,(0546) 86 57 96,None,https://www.cbr.nl/rijbewijstips",,,
"Anja's Rijopleiding,06 19 53 89 66,None,https://www.cbr.nl/rijbewijstips",,,
"Auto- en Motorrijschool Dekker,06 19 53 89 66,None,https://www.cbr.nl/rijbewijstips",,,
"Autorijschool Sarkis,06 19 53 89 66,None,https://www.cbr.nl/rijbewijstips",,,
"ArA Rijschool,06 19 53 89 66,None,https://www.cbr.nl/rijbewijstips",,,
"Autorijschool Schutte,06 19 53 89 66,None,https://www.cbr.nl/rijbewijstips",,,
"Autorijschool ""Aktief"",06 19 53 89 66,None,https://www.cbr.nl/rijbewijstips",,,
"Autorijschool Ugurel,06 19 53 89 66,None,https://www.cbr.nl/rijbewijstips",,,
"Autorijschool 4All,06 19 53 89 66,None,https://www.cbr.nl/rijbewijstips",,,
"Autorijschool Van de Riet,06 19 53 89 66,None,https://www.cbr.nl/rijbewijstips",,,
"Autorijschool Divrik,06 19 53 89 66,None,https://www.cbr.nl/rijbewijstips",,,
"Autorijschool Westerhoff,06 19 53 89 66,None,https://www.cbr.nl/rijbewijstips",,,
"BOP TUBBERGEN,06 19 53 89 66,None,https://www.cbr.nl/rijbewijstips",,,
"Autorijschool Heskamp,06 19 53 89 66,None,https://www.cbr.nl/rijbewijstips",,,
"autorijschool Jolanda,06 19 53 89 66,None,https://www.cbr.nl/rijbewijstips",,,
"Autorijschool Kamphuis,06 19 53 89 66,None,https://www.cbr.nl/rijbewijstips",,,
"Autorijschool Lammertink,06 19 53 89 66,None,https://www.cbr.nl/rijbewijstips",,,
"Autorijschool Maria Tuinbeek,06 19 53 89 66,None,https://www.cbr.nl/rijbewijstips",,,
"Drive Yourself,06 19 53 89 66,None,https://www.cbr.nl/rijbewijstips",,,
"Autorijschool Miranda Zuur,06 19 53 89 66,None,https://www.cbr.nl/rijbewijstips",,,
"drive2gether.nl,06 19 53 89 66,None,https://www.cbr.nl/rijbewijstips",,,
"Autorijschool Oude Wesselink,06 19 53 89 66,None,https://www.cbr.nl/rijbewijstips",,,
"Autorijschool Ralf Profijt,06 19 53 89 66,None,https://www.cbr.nl/rijbewijstips",,,
"Expert Verkeersopleidingen,06 19 53 89 66,None,https://www.cbr.nl/rijbewijstips",,,
"Autorijschool Ten Brinke,06 19 53 89 66,None,https://www.cbr.nl/rijbewijstips",,,
"fortune rijschool,06 19 53 89 66,None,https://www.cbr.nl/rijbewijstips",,,
"Hartemink Verkeersopleidingen B.V.,06 19 53 89 66,None,https://www.cbr.nl/rijbewijstips",,,
"AutorijschoolBeslist,06 19 53 89 66,None,https://www.cbr.nl/rijbewijstips",,,
"Bliksem Opleidingen,06 19 53 89 66,None,https://www.cbr.nl/rijbewijstips",,,
"Hofman Advies, Training en Opleiding,06 19 53 89 66,None,https://www.cbr.nl/rijbewijstips",,,
"Agere Opleidingen B.V.,(0546) 563 050,None,https://www.cbr.nl/rijbewijstips",,,
"De Twentse Rijopleiding,06 19 53 89 66,None,https://www.cbr.nl/rijbewijstips"
"Edwin Broers t.h.o.d.n. NXXT,06 19 53 89 66,None,https://www.cbr.nl/rijbewijstips"
"Ezendam Rijopleidingen,06 19 53 89 66,None,https://www.cbr.nl/rijbewijstips"
"123 GO,(0575) 56 50 42,None,https://www.cbr.nl/rijbewijstips"
"Autorijschool Ebbers,06 19 53 89 66,None,https://www.cbr.nl/rijbewijstips"
